Gene,System.Urogenital/Reproductive System.Kidney.RENAL CORTEX,System.Digestive System.Intestine.INTESTINAL EPITHELIAL CELL,System.Cardiovascular System.Heart.VENTRICLE,System.Urogenital/Reproductive System.Ovary.OOCYTE,System.Cardiovascular System.Heart.ATRIUM,System.Urogenital/Reproductive System.Ovary.GRANULOSA,System.Digestive System.Intestine.SMALL INTESTINE,System.Digestive System.Liver.HEPATOCYTE,System.Immune System.Myeloid.KUPFFER CELL,System.Respiratory System.Trachea.TRACHEA,System.Digestive System.Liver.LIVER,System.Digestive System.Stomach.GASTRIC EPITHELIAL CELL,System.Integumentary System.Skin.KERATINOCYTE,System.Integumentary System.Skin.BASAL CELL,System.Muscular System.Smooth muscle.VASCULAR SMOOTH MUSCLE,System.Urogenital/Reproductive System.Kidney.KIDNEY,System.Digestive System.Intestine.COLON,System.Urogenital/Reproductive System.Testis.TESTIS,System.Connective Tissue.Adipose tissue.ADIPOSE,System.Cardiovascular System.Heart.HEART,System.Cardiovascular System.Heart.VALVE,System.Urogenital/Reproductive System.Ovary.OVARY,System.Nervous System.CNS.MEDULLA,System.Urogenital/Reproductive System.Kidney.PODOCYTE,System.Nervous System.CNS.THALAMUS,System.Nervous System.Eye.RETINA,System.Urogenital/Reproductive System.Breast.MAMMARY GLAND,System.Digestive System.Intestine.COLON MUCOSA,System.Nervous System.CNS.HYPOTHALAMUS,System.Digestive System.Pancreas.BETA CELL,System.Muscular System.Skeletal muscle.SKELETAL MUSCLE,System.Nervous System.CNS.ASTROCYTE,System.Nervous System.CNS.CEREBRAL CORTEX,System.Urogenital/Reproductive System.Breast.BREAST,System.Respiratory System.Lung.LUNG EPITHELIAL CELL,System.Digestive System.Esophagus.ESOPHAGUS,System.Nervous System.PNS.SENSORY NEURON,System.Connective Tissue.Adipose tissue.ADIPOCYTE,System.Integumentary System.Skin.SKIN,System.Muscular System.Smooth muscle.AIRWAY SMOOTH MUSCLE,System.Connective Tissue.Bone marrow.CHONDROCYTE,System.Digestive System.Liver.HEPATIC STELLATE CELL,System.Integumentary System.Skin.MELANOCYTE,System.Muscular System.Smooth muscle.MYOFIBROBLAST,System.Connective Tissue.Bone.OSTEOBLAST,System.Nervous System.CNS.PONS,System.Connective Tissue.Bone marrow.BONE MARROW,System.Respiratory System.Lung.LUNG,System.Immune System.Myeloid.MICROGLIA,System.Digestive System.Pancreas.ALPHA CELL,System.Digestive System.Pancreas.PANCREATIC ISLET,System.Immune System.Granulocytic.GRANULOCYTE,System.Immune System.Granulocytic.NEUTROPHIL,System.Immune System.Lymphoid.BLYMPHOCYTE,System.Immune System.Lymphoid.PLASMA CELL,System.Immune System.Lymphoid.PLASMACYTOID DENDRITIC CELL,System.Immune System.Lymphoid.TLYMPHOCYTE,System.Immune System.Myeloid.DENDRITIC CELL,System.Immune System.Myeloid.MACROPHAGE,System.Immune System.Spleen.SPLEEN,System.Nervous System.PNS.MOTOR NEURON,System.Immune System.Thymus.THYMOCYTE,System.Immune System.Thymus.THYMUS,System.Integumentary System.Skin.FIBROBLAST,System.Integumentary System.Skin.HAIR FOLLICLE,System.Muscular System.Skeletal muscle.MYOBLAST,System.Nervous System.CNS.CEREBELLUM,System.Connective Tissue.Bone.STROMAL CELL,System.Nervous System.CNS.NEURON,System.Nervous System.CNS.OLIGODENDROCYTE,System.Nervous System.CNS.SPINAL CORD,System.Nervous System.CNS.MIDBRAIN
ACE,7.61202,8.69241,6.74922,5.70924,5.37289,7.13384,9.73205,4.38682,6.71195,3.89584,5.63312,4.49902,3.05618,4.31312,6.07935,5.47412,6.74966,7.95551,8.01896,4.43111,6.76399,7.53071,5.00836,2.41968,3.89584,4.05534,4.99267,4.57973,4.21911,6.09132,7.93315,3.76961,3.60651,4.84279,3.1737,5.02256,7.26685,5.69219,6.56004,7.00003,4.05534,6.37631,4.13876,6.42264,5.98306,5.91845,4.77752,5.57065,5.16956,7.09227,6.53965,5.484,5.45333,4.05534,4.43111,3.83218,4.71212,10.6134,9.06713,4.63537,4.38682,3.48123,3.73874,6.11658,5.18213,3.56825,3.56825,6.00751,3.9543,2.61696,4.67269,4.79364
ACTN3,0.113644,0.113644,1.20968,2.61696,1.20968,1.81287,0.113644,0.113644,1.20968,0.113644,0.113644,0.113644,0.113644,0.113644,1.20968,1.20968,0.113644,1.20968,0.113644,0.113644,1.20968,1.20968,0.113644,0.113644,1.20968,1.20968,0.113644,1.20968,1.20968,1.20968,11.7585,0.113644,1.20968,1.20968,0.661663,0.113644,1.81287,1.20968,0.113644,1.81287,1.20968,1.81287,1.20968,1.81287,1.20968,0.113644,0.113644,0.113644,0.113644,0.113644,0.113644,0.113644,1.20968,1.20968,0.113644,0.113644,2.16272,0.113644,0.113644,1.20968,0.113644,0.113644,0.113644,1.20968,1.20968,0.113644,2.16272,0.113644,1.20968,0.113644,1.20968,0.113644
ADRB2,3.28517,3.70787,6.17424,0.113644,6.67484,1.81287,4.21911,5.28658,4.1585,8.92875,6.24863,6.25074,8.88232,8.02354,3.83218,4.11061,3.83218,2.41968,7.14836,4.47438,6.21812,2.77595,3.97909,6.39847,2.92457,3.28517,3.56825,3.83272,3.1737,2.92457,7.57242,4.05534,3.28517,3.56825,4.38682,5.82639,1.20968,5.28658,5.74381,4.11061,6.74514,4.11061,5.73498,4.11061,4.81015,6.89949,4.43111,6.06605,6.57131,0.113644,0.113644,8.04145,7.84657,4.16691,5.40837,6.8596,5.49388,5.57065,6.45202,7.17515,1.81287,4.11061,4.77752,4.47438,4.72917,6.45202,2.61696,3.56825,2.16272,1.81287,5.61397,1.81287
ADRB3,3.22943,2.41968,1.20968,1.81287,1.81287,1.81287,1.20968,1.20968,0.113644,1.20968,1.20968,0.113644,1.20968,1.20968,1.20968,1.20968,1.20968,1.81287,4.82627,1.20968,2.92457,3.05618,2.16272,0.113644,0.113644,1.20968,1.20968,1.20968,0.113644,1.20968,1.20968,1.20968,1.20968,1.20968,0.113644,1.20968,1.20968,2.16272,1.20968,1.20968,1.20968,1.20968,1.81287,1.20968,1.20968,1.81287,1.20968,1.20968,1.81287,4.80976,0.113644,2.99037,1.81287,1.81287,2.16272,1.81287,1.20968,1.81287,1.81287,1.81287,1.20968,3.39116,2.16272,1.20968,1.9878,1.20968,2.41968,1.20968,1.20968,1.81287,2.61696,0.113644
AGTR2,0.113644,0.113644,2.41968,0.113644,0.113644,0.113644,0.113644,0.113644,0.113644,0.113644,0.113644,0.113644,0.113644,0.113644,0.113644,0.113644,0.113644,0.113644,0.113644,0.113644,0.113644,0.113644,0.113644,0.113644,0.113644,0.113644,0.113644,0.113644,0.113644,0.113644,0.113644,0.113644,0.113644,0.113644,0.113644,0.113644,0.113644,0.113644,0.113644,0.113644,0.113644,0.113644,0.113644,0.113644,0.113644,0.113644,0.113644,0.113644,0.113644,0.113644,0.113644,0.113644,0.113644,0.113644,0.113644,0.113644,0.113644,0.113644,0.113644,0.113644,0.113644,0.113644,0.113644,0.113644,0.113644,0.113644,0.113644,0.113644,0.113644,0.113644,0.113644,0.113644
AQP1,13.3799,6.34975,12.185,0.113644,11.8166,1.9878,8.33578,4.71212,4.03246,2.16272,8.28634,1.81287,2.16272,2.16272,7.13892,4.26947,5.12981,2.51832,8.3493,8.4916,12.5929,5.61307,6.70079,3.9543,10.2241,3.56825,3.33816,4.77745,10.0519,1.81287,10.852,5.40837,3.89584,3.39116,2.41968,3.56825,5.88569,6.27464,6.48238,5.67402,5.85482,5.34282,3.56825,4.9313,4.3519,2.77595,0.113644,3.83218,2.41968,0.113644,0.113644,0.113644,1.81287,0.113644,0.113644,1.81287,1.81287,1.20968,1.20968,1.20968,2.16272,0.113644,1.20968,4.67269,8.44928,3.64478,9.75599,3.76961,3.39116,3.56825,14.3096,3.56825
AMPD1,0.113644,0.113644,0.113644,0.113644,0.113644,0.113644,0.113644,0.113644,0.113644,0.113644,0.113644,0.113644,0.113644,0.113644,0.113644,0.113644,0.113644,0.113644,0.113644,0.113644,0.113644,0.113644,0.113644,0.113644,0.113644,0.113644,0.113644,0.113644,0.113644,0.113644,12.6791,0.113644,0.113644,0.113644,0.113644,0.113644,3.28517,0.113644,0.113644,0.113644,0.113644,0.113644,0.113644,0.113644,0.113644,0.113644,0.113644,0.113644,0.113644,0.113644,0.113644,0.113644,0.113644,0.113644,0.113644,0.113644,0.113644,0.113644,0.113644,0.113644,0.113644,0.113644,0.113644,0.113644,0.113644,0.113644,0.113644,0.113644,0.113644,0.113644,0.113644,0.113644
BDKRB2,7.54002,8.28094,3.80089,0.113644,3.83272,0.113644,5.96743,4.77752,5.56727,7.59665,3.1737,7.23909,8.35624,7.45283,6.83068,3.70787,5.51459,0.113644,5.07842,2.92457,4.79451,2.77595,4.67269,5.69219,2.41968,1.20968,5.52384,7.51292,2.77595,3.70787,3.83218,2.92457,1.51127,5.12981,6.92548,5.02256,4.71212,6.17424,7.36331,11.5386,5.83091,7.75317,1.20968,7.65065,7.50615,0.113644,0.113644,4.96278,0.113644,0.113644,0.113644,0.113644,0.113644,0.113644,0.113644,1.81287,0.113644,1.20968,0.113644,0.113644,0.113644,0.113644,0.113644,7.29945,5.01482,2.92457,4.38682,7.40774,1.81287,1.20968,2.77595,1.20968
CDKN1A,9.89681,12.2574,10.4815,8.54663,9.55748,11.9555,9.82236,12.0966,12.6308,12.5631,10.5612,11.8151,12.4134,11.6169,13.0325,9.42341,10.8647,7.47879,7.9743,9.96866,11.6176,9.21556,10.2793,13.1266,9.01157,9.17601,10.1419,11.2362,9.68003,9.92285,7.83709,11.1312,5.63611,9.7344,11.1055,9.6997,9.11166,12.5558,11.0803,12.7725,11.6878,12.795,12.2981,12.245,12.2726,9.24615,7.26685,10.4354,9.83068,9.08045,9.9708,6.29423,8.66182,9.6066,10.0643,9.21232,9.28798,12.7328,12.2531,9.88286,7.70435,4.51527,5.85085,11.9256,10.9566,11.9948,4.87314,11.5276,9.31882,10.6614,9.76916,8.55271
CKM,1.20968,0.113644,14.5294,0.113644,14.7221,1.20968,0.113644,0.113644,0.113644,0.113644,0.113644,0.113644,0.113644,1.20968,1.20968,1.81287,0.113644,2.61696,0.113644,1.20968,1.20968,1.20968,0.113644,0.113644,1.20968,1.20968,0.113644,0.113644,1.20968,0.113644,16.5074,1.20968,1.20968,0.113644,0.113644,0.113644,2.41968,0.113644,0.113644,1.20968,1.20968,1.81287,1.20968,1.20968,1.81287,1.20968,0.113644,0.113644,0.113644,0.113644,0.113644,1.20968,0.113644,0.113644,0.113644,0.113644,0.113644,0.113644,1.81287,0.113644,0.113644,0.113644,0.113644,0.113644,0.113644,4.71212,1.20968,1.20968,1.81287,1.81287,1.20968,0.113644
COL5A1,8.87845,1.20968,9.56846,7.02366,9.4772,7.82356,9.44557,6.27464,9.38421,3.39116,7.90088,6.77144,7.90918,6.45202,14.8584,7.29945,7.76936,7.05908,11.0075,10.899,12.2437,9.69695,8.46413,9.56017,7.57981,7.4407,7.74042,8.99358,8.81617,3.64478,9.29509,10.5407,7.77546,8.50863,8.24919,10.2307,7.80811,12.8803,10.9732,13.0046,13.2403,14.5779,6.59258,13.3078,14.8264,4.00388,2.41968,8.23902,6.65623,0.113644,0.113644,2.41968,2.41968,5.63142,0.113644,0.113644,2.92457,0.113644,1.20968,3.89584,5.8662,4.43111,5.89404,12.4343,12.3091,11.8713,5.57065,12.72,7.45868,9.18625,7.67462,5.90239
FTO,10.6166,10.7272,9.65717,8.44455,9.90836,8.90441,10.0851,8.93702,9.21804,9.6486,9.15057,8.90253,9.148,9.44953,9.69056,9.7965,9.19975,10.1816,10.2226,10.2872,9.72061,9.45366,10.9539,9.1244,10.4914,10.6322,9.93974,9.77057,10.6913,10.3761,10.0643,10.3487,10.3386,9.38365,9.67364,9.65802,10.4476,10.3265,9.95441,9.74973,10.0195,9.67538,9.55125,10.0636,9.67156,9.45601,10.2517,9.7299,10.5837,10.7462,10.4202,9.48277,8.86348,9.58059,10.0258,8.46109,8.9198,8.70389,8.76373,9.67169,10.6454,10.5656,10.0678,9.9665,10.6061,10.3098,11.5357,10.0552,10.7044,10.4364,11.2217,11.0944
GABPB1,8.43178,8.33958,8.39705,9.20348,8.55496,8.69744,8.94437,8.31069,8.44293,8.50053,8.69555,9.04466,8.2838,8.8197,8.58717,8.53144,8.71085,8.92875,9.25377,8.54663,8.77975,8.69744,9.13259,8.35972,8.49652,8.81277,9.01947,8.89594,8.51328,9.01947,8.98773,8.81277,9.2993,8.86348,9.18514,8.85952,8.37004,8.71085,8.69555,8.60063,9.05685,8.62634,8.21935,8.3017,8.46612,9.15057,9.73205,8.86664,9.16516,8.95108,8.71667,9.6663,9.31175,9.1894,9.37661,9.15739,9.84186,9.03285,8.89247,10.1671,9.38365,10.873,10.407,8.73944,8.51018,8.90075,9.47119,8.66015,9.45761,9.13346,8.11086,9.37912
GALNTL6,0.113644,1.81287,1.20968,3.83218,1.20968,2.77595,1.20968,0.113644,0.113644,1.81287,1.20968,1.81287,0.113644,1.81287,1.20968,2.41968,1.20968,3.28517,0.113644,0.113644,1.20968,1.20968,2.77595,2.77595,4.74622,3.56825,1.20968,1.20968,4.77752,1.20968,1.81287,2.61696,3.10487,1.20968,2.92457,0.113644,5.18213,0.113644,1.20968,1.20968,1.20968,1.20968,5.45112,1.20968,1.20968,0.113644,0.113644,1.20968,1.81287,0.113644,0.113644,1.20968,0.113644,1.20968,0.113644,1.20968,0.113644,0.113644,1.20968,0.113644,3.64478,0.113644,1.20968,1.20968,2.77595,0.113644,4.21911,0.113644,4.80976,2.92457,3.11494,4.57973
GSTP1,11.1329,11.2727,10.8049,9.9367,10.3909,11.363,11.0659,8.97262,8.75131,13.7407,8.67553,12.9518,13.4306,12.4039,11.8546,11.7729,12.0057,9.33276,10.9808,11.6537,11.0439,11.5694,10.2704,13.0725,11.6012,11.5027,7.04677,12.1136,11.7783,9.45601,10.6984,11.149,10.5095,9.53006,13.0297,13.4553,10.7593,11.2278,11.8862,11.4912,11.6939,11.8108,13.2232,11.743,11.5763,11.1588,11.6751,12.2614,10.4914,10.1263,10.9402,8.77777,10.2549,12.3154,11.4265,11.0944,10.9905,11.3405,11.0751,10.4955,11.6947,9.78717,9.90108,11.6471,10.7418,11.4602,8.08888,11.5786,11.2575,10.5773,10.202,11.2223
HFE,5.58184,7.21122,6.21406,3.28517,7.08418,5.55187,6.24863,7.56734,8.42123,7.14836,7.69494,7.53741,7.03085,6.96122,7.31657,5.57065,6.66685,4.47438,8.18742,7.42671,7.80175,5.85482,7.07,7.00978,4.11061,5.20789,7.13286,6.25145,4.05534,4.43111,5.99799,6.39847,4.19301,6.9828,8.19723,6.9657,3.1737,7.95029,6.80572,8.02123,7.58069,7.51341,7.52206,7.57612,7.5793,6.39847,6.47781,7.31657,7.56988,6.30103,7.24729,7.17282,6.70196,6.20187,6.31418,5.484,5.12981,6.58321,7.58896,5.70924,4.67269,5.57065,4.96278,7.557,7.26329,7.13293,3.48123,7.78955,3.64478,3.48123,5.12981,4.16691
HIF1A,12.0493,10.0339,10.5373,10.7634,11.0577,11.3274,10.8815,11.1376,11.2781,12.4857,10.6394,10.8135,11.5809,11.8306,12.1493,10.9265,11.069,10.8366,9.80014,10.837,10.937,11.2189,11.8644,12.4521,10.4422,11.5372,11.7931,11.7626,10.5743,11.5633,8.90075,11.6819,10.8675,11.5372,12.3242,11.7179,9.84005,12.7997,11.7214,11.9183,11.9091,12.7997,10.8194,12.2246,13.2369,10.7948,11.2451,11.8448,11.0085,11.7857,11.1964,11.86,11.1681,10.483,9.11669,10.2866,11.1864,11.5253,11.8287,11.3081,10.7308,10.9886,10.9421,12.5307,12.0367,12.8134,10.9623,13.0991,11.0609,11.233,11.3664,10.4594
MCT1,9.50956,10.0186,11.5298,10.0643,9.99948,9.8877,8.4916,10.4893,10.5953,10.3487,10.144,10.0034,11.3839,10.8157,10.6394,10.5299,10.757,9.17755,9.03975,10.2838,9.08015,9.34389,7.95342,10.7821,10.0663,11.3493,7.50248,11.2254,10.0303,5.44176,10.8433,10.7593,9.82955,7.95551,9.83132,11.0947,8.63669,10.7843,10.0303,9.24262,10.6222,10.2791,9.71601,10.2349,10.4051,8.27579,8.31511,9.71032,10.1555,0.113644,0.113644,4.19301,6.61965,10.4898,9.00523,6.38743,9.53567,8.86348,9.5661,9.15856,9.73955,9.53567,8.13585,10.4155,8.53954,10.7124,8.25328,10.393,9.7887,10.747,9.34995,8.95123
MYBPC3,1.20968,0.113644,14.8916,0.113644,14.9608,0.113644,1.20968,0.113644,0.113644,0.113644,1.20968,0.113644,0.113644,1.20968,0.113644,1.20968,1.20968,1.81287,1.20968,1.20968,2.41968,0.113644,0.113644,0.113644,0.113644,0.113644,0.113644,0.113644,0.113644,0.113644,1.81287,0.113644,0.113644,0.113644,1.51127,0.113644,1.81287,0.113644,1.20968,0.113644,0.113644,0.113644,0.113644,0.113644,0.113644,1.81287,0.113644,0.113644,1.20968,0.113644,0.113644,7.32502,7.99022,1.20968,0.113644,3.89584,1.20968,5.25971,5.63312,1.81287,0.113644,1.20968,1.81287,0.113644,0.113644,0.113644,1.20968,0.113644,0.113644,0.113644,1.20968,0.113644
NFATC4,7.42619,4.16486,8.35624,3.05618,7.95859,4.94699,7.90918,5.28658,7.58314,6.90917,4.84279,5.02841,5.70924,6.93158,9.58486,7.14836,6.45202,6.74922,9.13478,7.34635,9.4478,8.21516,6.52299,4.16691,7.78955,7.80811,5.64397,8.3284,8.25667,5.92718,6.95675,8.56328,7.01781,6.26748,1.9878,6.17424,4.05534,8.93702,8.47114,11.0099,9.77814,9.56796,9.72463,9.13811,10.082,2.77595,0.113644,5.98306,4.21911,0.113644,0.113644,1.81287,2.16272,7.2901,0.113644,6.62463,2.41968,1.20968,1.81287,1.81287,4.21911,4.59911,4.6924,9.38595,9.38471,7.07696,6.26032,9.03975,6.88087,8.76373,7.74633,5.65482
NOS3,7.32777,3.80089,7.28076,4.93037,7.43559,4.84279,5.25971,3.83218,4.1115,4.00388,6.23741,3.66893,4.59911,4.16691,4.63537,4.26947,5.65482,6.40441,6.50485,5.38652,9.52366,5.65482,5.20789,3.89584,4.56034,3.83218,4.11061,4.45275,4.56034,4.05534,6.59685,3.48123,3.64478,4.38682,3.39116,4.26947,4.59911,4.47438,5.40837,3.05618,4.61724,4.56034,4.9151,3.89584,3.70787,5.61397,4.11061,4.96278,4.43111,5.99799,5.31558,4.9313,5.49388,5.23546,5.63312,4.16691,6.33362,4.31312,3.70787,5.5514,4.51527,5.63312,5.15597,3.9543,4.94657,3.28517,5.51459,3.76961,3.9543,4.26947,5.7177,3.39116
PPARA,11.5379,10.868,10.6947,8.43746,11.0094,9.17099,10.4065,10.3487,9.37741,8.70389,10.8999,7.92758,8.33964,8.69744,8.63669,8.62241,9.01157,8.86883,9.83133,8.63669,9.04389,8.70389,9.59511,7.98584,8.4413,9.50996,7.78935,8.66896,8.18352,8.94284,10.786,8.11752,7.59131,7.51938,6.57726,8.46608,6.79623,9.21084,8.90936,9.15338,9.46511,8.43178,8.74961,8.54454,8.49502,8.50053,9.20348,8.21284,8.66629,9.05898,9.15856,8.31009,8.0758,8.62629,9.70517,9.63087,8.45606,9.15856,8.62905,8.33578,7.7319,9.08539,8.91817,8.67553,9.5379,8.6722,9.22919,8.66182,7.49889,8.35306,9.95109,7.31371
PPARGC1A,11.4578,9.04441,10.7693,5.78326,11.3184,4.94699,5.51459,7.68261,4.73966,6.09783,9.34152,3.65337,1.81287,5.47412,2.41968,5.8662,5.02256,5.56102,4.84279,4.51527,3.39116,3.70787,8.49421,4.77752,6.45202,7.10033,4.43111,4.96226,6.37631,4.47438,10.1316,6.37631,6.452,3.89584,4.67269,2.61696,7.7752,6.48238,4.59911,5.40837,5.88569,2.77595,5.09238,1.81287,3.22943,3.05618,0.113644,4.26947,4.05534,5.02256,0.113644,2.16272,1.81287,1.20968,0.113644,1.20968,1.20968,0.113644,2.41968,1.20968,5.02256,1.20968,1.81287,3.89584,5.77633,4.21911,9.08301,2.16272,6.4358,6.61965,7.0431,6.45166
PPARGC1B,7.33403,9.539,9.01307,7.69006,8.80348,6.00875,6.78736,6.78736,6.55378,7.27416,6.66685,6.7482,7.32318,7.74633,4.80976,7.45868,7.75317,6.70695,7.37048,6.77744,6.1222,7.41137,7.02282,6.13094,5.61397,7.21123,6.93534,6.25145,4.21911,5.19501,8.66986,5.28658,4.55719,7.10985,6.56004,7.00978,7.49889,6.56004,7.10985,3.9543,4.89983,5.02256,8.16324,5.3292,5.28658,7.50607,7.90454,7.00978,7.67133,7.38198,7.51341,7.01672,6.93534,8.9349,8.33012,6.66205,7.22538,8.69932,8.24738,7.00978,6.77744,7.94077,7.81817,5.31558,6.87723,5.69219,9.63751,5.41928,6.07935,5.20789,6.95147,5.82727
PPP3R1,8.67426,8.67103,9.1614,7.88005,8.58766,7.86717,9.05898,9.39711,9.95628,9.20348,9.65632,9.78047,9.68221,9.96931,9.67538,9.41348,9.45371,8.52687,9.29283,8.70774,9.31551,8.73087,9.20716,9.40874,9.90899,9.92465,9.59657,9.18069,9.56017,9.38218,10.4408,9.83619,9.90364,9.77515,9.33332,8.55681,10.3565,9.61987,9.54794,9.78113,9.7182,9.96866,9.64728,9.96715,9.94613,9.72838,8.36448,9.59322,9.99958,7.47443,6.20187,10.5269,10.3836,9.62366,8.06575,10.465,10.1464,9.9665,9.89148,9.36558,9.22288,10.2356,9.77809,9.60653,9.22712,8.58717,11.4421,9.44537,9.61646,9.85085,9.70703,9.459
PRDM1,4.97429,8.91159,4.96278,5.23546,3.76961,6.18762,7.05535,4.43111,4.77745,8.03109,5.23546,5.7913,7.99474,7.68261,5.59303,3.9543,6.68963,5.61397,5.65482,4.56034,5.67402,6.62962,5.36467,3.89584,3.1737,4.93037,4.63537,6.89842,3.28517,4.16691,4.56034,5.5514,3.33816,5.25971,6.12376,6.31418,0.113644,5.59303,8.60987,6.41035,4.63537,5.8662,4.24429,6.25447,5.23546,8.75978,5.99799,6.46517,8.58225,3.89584,4.96278,9.26852,9.67169,6.63368,12.675,7.00003,8.4916,9.3095,9.36558,9.50903,2.92457,3.9543,5.65959,6.9657,8.62941,5.38652,5.65482,7.03092,2.92457,3.83218,5.73498,0.113644
RBFOX1,2.16272,0.113644,9.69179,8.20847,10.2742,8.35155,1.81287,0.113644,0.113644,0.113644,0.113644,0.113644,0.113644,0.113644,0.113644,0.113644,0.113644,2.16272,0.113644,0.113644,3.11494,2.77595,1.81287,0.113644,7.53071,4.40897,0.113644,1.81287,6.50485,3.05618,10.7365,1.81287,9.95779,0.113644,0.113644,0.113644,10.2399,0.113644,0.113644,0.113644,0.113644,0.113644,0.113644,0.113644,0.113644,0.113644,0.113644,0.113644,2.16272,0.113644,0.113644,0.113644,0.113644,0.113644,0.113644,0.113644,0.113644,0.113644,0.113644,0.113644,8.53362,0.113644,0.113644,0.113644,1.81287,6.99029,10.622,0.113644,5.5514,2.92457,7.50974,7.16175
SIRT1,8.48331,8.92076,8.32085,8.08543,6.8903,8.34981,7.95029,7.84657,7.78678,7.61504,8.15592,8.7363,7.67462,8.33578,8.21748,8.66501,8.17773,9.28896,8.17773,7.9722,7.50615,8.19063,8.4751,8.72108,7.57981,8.53362,8.64827,8.57421,7.67462,8.87081,8.51328,8.37323,9.11178,8.47383,8.62927,8.06116,6.71195,8.56752,8.2346,8.3814,8.69298,8.29015,7.71221,7.62119,8.37745,8.42013,7.97639,8.30332,8.47702,8.29646,6.31418,9.23173,8.92875,8.26256,7.58896,8.87207,9.05621,8.76939,8.56328,9.05472,8.56328,9.34152,8.82419,8.40585,8.32041,8.17054,9.12937,8.35051,8.50053,8.4817,8.24342,8.24356
SPEG,5.4402,4.82627,10.8058,3.64478,11.3693,4.51527,7.46426,4.21911,5.66848,5.5331,3.76961,6.39447,8.26064,6.26032,9.0884,6.57131,5.90239,7.24368,4.56034,7.91821,9.78805,7.05908,5.34282,8.51653,9.473,6.61965,6.79654,6.77336,9.80559,8.19761,12.4102,9.31551,9.48815,6.60849,5.18244,7.03085,9.46706,7.69953,7.28076,9.11669,8.82303,9.06558,5.54345,8.47389,9.86192,5.47412,3.9543,6.35023,6.77744,7.64512,6.4358,4.93037,5.15699,3.56825,3.39116,4.24429,5.81111,3.76961,3.83218,4.21911,7.54934,5.49388,5.1434,8.70582,10.0692,8.71416,9.41232,8.54893,8.60695,9.69056,9.66082,8.27009
TFAM,8.54119,8.31188,8.71251,8.86348,8.42041,8.48467,8.43178,9.00801,8.64486,9.08301,9.26347,9.12959,9.18625,9.59288,7.95551,9.73891,9.26707,9.6585,9.16713,9.37661,8.49049,8.73588,9.10425,9.85522,7.48062,8.8243,9.78805,9.07096,7.46884,8.99693,9.01157,8.75087,9.27004,9.4696,9.74638,9.82466,7.85098,8.88637,8.61868,7.88609,8.39281,8.34337,8.40277,7.98557,8.38486,8.99301,9.29509,9.29283,8.9827,8.2346,8.64078,9.14373,8.5212,10.5157,9.49929,9.47096,9.97843,8.55124,8.50395,9.32584,9.23137,9.97843,9.47615,8.60355,8.01647,9.06713,8.73712,8.55124,9.12701,8.93702,7.21103,8.95354
TRPM2,3.33816,2.61696,4.3519,5.12981,3.60651,6.23134,3.56825,2.41968,3.99192,0.113644,4.00388,4.1995,3.1737,1.81287,0.113644,1.81287,6.14657,2.41968,6.09783,1.20968,7.01423,6.70196,3.80089,4.47438,6.30103,2.77595,4.57973,2.2912,5.93591,2.41968,3.9543,1.20968,2.16272,4.26947,6.39295,0.113644,5.15699,2.92457,2.92457,0.113644,0.113644,1.20968,0.113644,0.113644,2.16272,5.63312,0.113644,3.70787,8.04647,0.113644,0.113644,7.40017,8.47702,5.91915,0.113644,10.1561,5.51459,8.33578,9.7299,6.46517,0.113644,5.31558,6.90428,0.113644,0.113644,0.113644,7.64512,0.113644,1.20968,0.113644,8.64333,0.113644
TSHR,1.20968,0.113644,1.20968,0.113644,1.51127,0.113644,1.81287,1.81287,0.113644,0.113644,1.81287,0.113644,0.113644,1.20968,0.113644,1.20968,1.20968,1.20968,3.48123,1.20968,1.81287,1.20968,2.41968,0.113644,2.41968,1.20968,1.20968,1.20968,2.61696,1.20968,2.92457,1.81287,2.16272,0.113644,0.113644,0.113644,1.81287,3.83218,1.20968,0.113644,1.81287,0.113644,1.20968,0.113644,1.20968,1.81287,0.113644,0.113644,0.113644,0.113644,0.113644,1.81287,1.81287,2.85026,0.113644,3.28517,2.61696,1.20968,0.113644,2.41968,0.113644,7.19727,6.53429,0.113644,3.66893,1.20968,2.77595,0.113644,1.81287,1.81287,4.89983,0.113644
UCP2,5.95167,7.80218,7.23213,9.09834,6.28784,8.7291,8.55418,5.23546,5.77237,8.0758,7.58896,9.42218,4.84279,6.86686,5.12981,8.52925,8.5809,6.82203,9.17123,5.79561,8.65327,9.37244,7.62064,8.94437,7.50607,6.68963,8.74407,7.11651,7.50607,8.55286,9.20348,7.4407,7.28884,9.33926,9.45159,7.96808,6.77744,7.71533,6.28742,5.91845,5.30108,6.20187,5.02256,6.84575,4.96278,10.1387,9.85085,8.52491,9.71833,7.60281,0.113644,9.48776,11.4069,10.6553,9.89438,12.4722,10.5641,11.3106,10.9533,11.6561,6.59685,11.1457,11.4661,5.65482,6.8066,6.79623,2.16272,4.56034,6.46517,7.59665,7.34635,5.07842
UCP3,2.77595,3.33816,4.05534,0.113644,4.00388,2.16272,2.92457,2.92457,3.05618,3.05618,2.77595,4.32065,3.1737,3.48123,3.28517,3.28517,3.05618,2.61696,2.77595,2.92457,3.83218,2.61696,3.1737,3.70787,3.28517,3.9543,3.1737,2.99037,3.28517,2.61696,11.0518,3.70787,4.26612,3.05618,3.97909,1.81287,2.77595,3.05618,3.05618,3.48123,3.48123,3.83218,3.67632,4.00482,3.76961,4.16691,0.113644,3.28517,2.61696,0.113644,0.113644,3.73874,5.31558,3.86401,0.113644,4.99416,5.59303,4.63537,4.43111,4.21911,0.113644,4.31312,4.53781,3.05618,3.64478,3.1737,3.76961,2.77595,3.48123,3.70787,2.41968,3.28517
VEGFA,12.1892,10.476,11.6035,5.96743,11.9693,9.83493,10.6858,10.8887,11.2769,11.0055,10.9505,9.36812,10.8797,11.2787,11.3106,9.99244,10.2344,6.55013,9.99247,10.2807,9.39107,10.1997,11.2467,10.7099,10.0829,11.6768,10.0402,10.4639,9.97843,11.5802,10.9594,9.59322,10.923,10.1803,8.20179,9.67781,8.37638,10.7083,9.75323,10.5198,11.0252,10.9477,7.71361,10.1926,10.9895,8.48608,5.5514,9.97843,8.47936,10.0374,9.75599,8.83105,8.54663,8.80852,8.64078,6.52299,7.4407,9.11166,9.4005,6.9754,7.64512,4.11061,5.83491,9.96568,10.3768,8.87207,8.73712,10.3126,8.33964,8.35306,10.1229,8.97706
VEGFR2,10.0723,0.113644,9.58141,0.113644,8.31776,2.16272,6.62962,4.87314,4.88627,3.83218,8.40357,5.58214,1.20968,3.28517,7.50607,3.1737,3.64478,4.76094,7.63578,5.4302,7.76073,6.23741,6.7827,0.113644,4.89983,9.19419,3.11494,3.67632,4.99416,0.113644,7.96808,5.49388,4.10448,3.28517,0.113644,0.113644,1.20968,4.05534,4.84279,1.20968,3.60651,4.71212,5.87595,2.61696,3.64478,0.113644,0.113644,1.81287,2.16272,0.113644,0.113644,0.113644,0.113644,0.113644,0.113644,2.2912,0.113644,0.113644,1.20968,0.113644,2.41968,0.113644,0.113644,2.41968,3.22943,0.113644,3.48123,0.113644,2.77595,4.26947,7.57981,2.77595
ACVR1B,10.2306,8.97357,7.86771,10.2399,7.93425,9.83751,9.32958,9.10686,9.02275,8.50708,9.12937,8.3343,8.83132,9.17157,8.87501,8.97155,8.85522,8.3191,8.55681,7.76936,8.95846,8.97412,8.64703,8.40585,9.0923,9.01947,8.64685,8.62908,9.13346,9.89085,8.51328,8.52491,10.3386,8.46608,8.01413,8.55418,10.7809,8.45124,8.61549,8.91634,7.79648,8.76373,8.36805,8.49594,8.21748,8.4413,5.84343,8.29646,8.33012,4.56034,1.20968,8.23023,8.6516,6.27464,0.113644,7.37922,7.98143,7.82916,9.11166,6.99029,9.56017,8.18352,8.05144,8.30029,8.65455,7.45283,8.66501,7.91821,9.62186,8.84983,7.86327,9.34039
ADAM15,8.33958,9.38607,10.1431,8.09873,9.33697,8.39421,8.38486,9.3095,9.81221,10.9866,8.79963,11.0758,11.7058,10.4945,10.1594,9.31551,10.2838,6.49047,9.1244,8.84482,10.3662,9.37614,9.33047,10.1662,9.4615,8.48389,10.9309,9.59665,9.39483,6.25447,9.20552,9.11166,8.16659,10.8949,10.4835,10.1352,8.16697,9.7475,10.2287,9.99411,10.0313,10.047,10.4993,9.98304,10.0936,9.4005,7.09227,9.61253,8.00002,0.113644,0.113644,8.37055,8.99067,7.88845,0.113644,8.39324,8.03713,10.2098,9.56796,7.70435,6.39847,3.28517,5.6831,9.37537,9.54497,8.39281,7.72768,9.3222,7.68261,8.13855,9.1614,8.55124
AGRN,11.9977,8.97025,8.24342,5.88569,7.87468,7.1681,10.1543,11.5566,11.7167,10.2399,9.46706,12.2161,12.589,10.6527,11.4574,10.4714,10.4759,8.42617,7.04658,8.01158,9.60202,10.5122,11.1382,14.0973,10.7994,8.03992,11.8595,9.80343,11.0277,7.60893,7.62734,12.0763,11.5725,11.2862,11.0475,9.72243,11.2754,9.11669,9.98229,11.2645,9.19171,12.1531,12.1153,11.3493,11.0772,8.29015,6.18762,10.9106,8.62193,6.45202,6.58321,6.77679,7.48062,7.37347,4.21911,7.89128,7.39734,9.46706,10.3368,6.05008,8.60695,6.61965,7.13384,10.5743,10.4677,8.16697,6.27464,9.45438,10.8071,12.7591,10.2526,10.2172
AGT,10.1899,2.77595,10.4471,0.113644,10.3955,0.113644,6.18762,13.2576,8.99017,1.20968,13.4812,1.81287,0.113644,0.113644,3.56825,1.81287,2.61696,1.20968,7.19032,9.18625,10.8293,1.20968,3.48123,3.1737,12.0894,4.93037,1.20968,2.85026,12.2614,6.27464,8.64078,5.02256,3.94376,1.20968,2.16272,0.113644,5.3649,6.48238,1.81287,7.62057,7.4189,4.67269,2.41968,5.10235,4.6924,0.113644,0.113644,1.81287,1.81287,8.25034,7.41835,0.113644,0.113644,0.113644,0.113644,0.113644,0.113644,0.113644,0.113644,0.113644,1.20968,0.113644,0.113644,3.1737,1.81287,3.56825,10.2991,2.92457,2.41968,4.93037,12.5117,4.00388
AKAP6,7.63623,7.10435,11.9709,6.27464,11.7854,5.25971,8.60355,6.23741,6.41035,6.58321,6.01703,4.00482,5.69219,6.34193,6.93534,5.72615,5.15699,7.92301,5.81111,7.29945,5.95822,5.81111,6.85486,5.5331,10.6019,9.21312,5.73498,5.95167,10.6019,6.98284,11.3379,9.255,10.3164,5.51459,5.09238,5.57065,11.7337,5.38652,6.23741,5.23546,5.23546,5.12981,7.04672,5.52264,5.84343,5.65482,6.30103,5.91845,8.46861,7.9143,7.56194,6.12376,5.12981,5.4302,7.33897,6.45202,5.28658,4.99416,5.67402,5.12981,11.1808,6.38743,6.26748,6.33362,6.18805,7.99474,12.2754,5.78411,10.7755,11.5342,11.9613,10.5247
AUTS2,9.01157,7.71863,6.86686,8.81909,7.54959,8.96857,8.61253,8.55124,8.32715,8.61253,8.52925,7.1656,8.42438,9.25709,7.70909,8.65297,8.08164,8.02846,8.26064,6.88087,8.24122,8.99471,8.56039,5.79561,10.0895,8.79364,6.28103,8.07429,10.5612,7.11356,8.36605,10.0028,12.3226,6.57131,6.41035,8.15592,9.40188,7.09227,8.54663,8.27173,10.1186,7.19032,8.42411,6.77703,7.90918,8.05706,6.06605,7.28076,8.43462,6.49365,0.113644,5.11807,7.24729,8.92642,0.113644,9.1453,8.08164,6.36501,4.96278,8.34797,9.84186,9.58938,8.34822,7.67462,8.82469,7.03818,9.5765,8.00002,10.3545,11.1841,10.3306,10.9802
BDNF,3.22943,2.92457,6.72289,8.64827,3.56825,9.28119,3.28517,3.83218,5.38905,4.77752,3.1737,6.16321,4.16691,4.59911,9.1614,3.56825,3.48123,3.52474,3.56825,6.72289,4.9151,4.56034,4.47319,8.41274,5.25971,4.59911,3.67632,6.03426,4.96278,3.05618,3.56825,6.11658,3.63806,3.70787,8.05382,4.71212,6.81484,6.52893,5.18213,8.61868,6.05008,8.92409,5.64397,8.33241,9.44685,2.41968,0.113644,5.59303,3.39116,0.113644,0.113644,1.20968,1.20968,2.41968,0.113644,3.56825,2.16272,2.16272,1.81287,1.20968,4.56034,2.61696,2.77595,8.70774,7.92678,6.95675,6.93534,8.79856,5.31558,5.10633,4.47438,5.34282
CCT3,11.2158,11.1868,10.9808,11.7532,10.8254,11.9624,11.0609,11.7515,11.0149,11.6701,11.183,12.1644,12.2179,11.2895,11.4707,12.1595,11.8941,11.5357,10.1291,11.5165,10.8138,12.1331,10.5821,11.9455,11.1853,11.6537,12.4874,11.9789,11.1853,11.3742,10.8713,11.502,11.1897,12.5485,12.9077,12.1761,11.9183,11.4129,11.4292,10.9053,11.0994,11.5372,12.0954,11.2132,11.5063,10.7868,10.9905,11.8862,10.5047,10.9021,10.9258,8.69744,9.93988,12.0717,11.2089,11.1213,11.6422,10.6679,10.72,11.1248,11.5933,10.8489,10.9458,11.5431,10.4865,11.8546,9.8996,11.4563,11.6239,11.2778,10.2807,11.6196
CNTFR,2.16272,1.20968,4.26947,0.113644,6.78982,0.113644,2.41968,4.05534,5.0313,0.113644,4.00388,0.113644,0.113644,0.113644,1.20968,3.56825,1.81287,3.9543,6.59685,1.20968,5.3649,2.41968,0.113644,0.113644,10.3938,6.36501,1.20968,3.22367,10.5512,0.113644,8.17773,6.23741,10.4009,1.81287,0.113644,1.81287,9.87578,6.36501,1.20968,0.113644,3.11494,1.81287,1.81287,1.20968,1.20968,0.113644,0.113644,0.113644,1.20968,0.113644,0.113644,0.113644,0.113644,0.113644,0.113644,0.113644,0.113644,0.113644,0.113644,0.113644,8.115,0.113644,0.113644,0.113644,0.113644,0.113644,9.07601,0.113644,9.0947,9.58486,8.32293,9.19441
CPNE5,4.34997,4.13723,8.60063,0.113644,10.7802,3.05618,3.28517,1.81287,1.20968,1.81287,2.92457,3.44328,2.16272,2.16272,2.61696,3.28517,3.64478,3.43619,3.1737,3.76961,5.45112,3.60651,2.99037,2.61696,6.77744,4.59911,1.20968,2.99037,6.05008,1.81287,1.81287,4.56034,6.06605,1.81287,0.113644,3.28517,6.66685,1.20968,2.92457,3.64478,2.99037,2.41968,2.69645,2.41968,2.41968,4.21911,0.113644,2.16272,3.60651,0.113644,0.113644,3.60651,8.13314,8.07125,9.98645,5.72615,4.51527,2.61696,2.92457,5.18213,2.61696,0.113644,2.41968,2.16272,2.92457,1.20968,4.31312,1.81287,4.84279,5.78326,5.28658,7.54903
CRTAC1,3.1737,0.113644,4.21911,4.11061,5.06359,2.41968,2.16272,0.113644,0.113644,0.113644,1.20968,2.21491,1.20968,0.113644,1.20968,3.76961,1.20968,1.81287,1.20968,1.20968,11.016,2.41968,3.11494,4.43111,5.76006,6.53965,0.113644,1.81287,5.5331,3.28517,1.81287,2.77595,3.86401,0.113644,1.20968,0.113644,10.0303,1.20968,1.81287,0.113644,9.71106,0.113644,4.40897,0.113644,1.20968,0.113644,0.113644,1.20968,0.113644,0.113644,0.113644,0.113644,0.113644,0.113644,0.113644,0.113644,0.113644,0.113644,0.113644,0.113644,5.78326,0.113644,0.113644,0.113644,2.77595,0.113644,5.51459,0.113644,4.11061,4.05534,5.99052,3.05618
CRTC1,7.48516,5.53299,6.59685,7.23213,7.56599,7.76936,7.557,6.95675,7.37922,6.14657,6.66685,6.31282,6.57131,6.58321,7.83293,7.49163,7.03818,6.73209,7.53071,6.41035,7.74975,7.55947,8.00872,7.44713,9.39279,7.49163,7.15725,6.07542,9.46706,7.4082,7.62734,7.74633,9.31034,7.15725,6.48802,6.68963,9.75999,6.45202,6.89949,8.64827,7.88307,8.04272,8.37943,7.87141,7.71551,7.92253,6.33362,7.14836,7.75317,5.69219,0.113644,7.30101,8.26793,6.60267,1.20968,8.15501,7.35721,7.4111,7.63847,6.85317,7.58896,7.21103,7.86854,7.34635,7.68708,6.9657,11.1248,7.05097,8.49652,8.64827,9.00189,9.14342
E2F3,7.97002,6.82306,7.41835,5.72615,7.243,7.58896,7.06978,7.94538,8.09059,7.86771,7.49889,8.66824,8.19977,8.54627,8.71416,9.00189,8.38486,6.92122,7.91174,7.54135,7.53377,7.78069,8.06848,8.92875,6.01703,7.78223,8.62495,8.33031,6.33362,6.9462,7.62734,8.69555,8.72014,8.75087,8.26429,8.12929,8.48608,7.7649,7.99022,7.90454,8.18418,8.5809,8.71085,8.87727,8.55124,8.63669,8.65633,8.45606,8.43178,0.113644,0.113644,9.85613,9.54065,8.74884,8.35624,8.68681,9.33719,8.93702,9.17341,8.68785,8.41274,8.82966,8.41779,8.60987,8.20412,7.90454,3.64478,8.54663,8.12393,9.13173,6.58321,7.0934
FHL2,7.91617,11.2385,13.7839,7.85883,11.5298,10.9985,9.01852,7.43403,9.46016,10.2165,7.66804,10.1192,9.7887,9.81703,10.8873,7.70672,9.714,8.2662,9.24767,11.1775,10.3266,9.38642,8.34611,12.0395,4.59911,7.02366,8.61371,9.88951,4.89983,5.58184,9.55427,8.50395,5.90632,8.69932,9.02752,9.86149,8.22586,9.73525,9.60083,11.2934,10.2641,11.6455,8.93289,11.2021,11.6718,6.64674,8.53362,8.96857,6.60267,5.31558,7.95029,6.57163,5.96743,5.57065,7.36331,4.21911,6.33362,5.3649,5.38652,5.63312,7.09227,7.26685,6.89949,10.8855,9.63715,10.9008,5.25971,11.8353,6.54968,6.41035,4.67269,6.63236
GDF5,1.20968,1.81287,1.20968,0.113644,1.81287,1.81287,1.20968,1.20968,3.63123,2.61696,0.113644,0.661663,1.81287,1.81287,3.64478,1.20968,1.20968,1.20968,3.28517,1.81287,3.56825,1.20968,1.20968,7.24729,1.20968,1.20968,1.20968,1.20968,1.20968,0.113644,0.113644,2.41968,1.81287,1.20968,0.113644,1.20968,1.81287,5.70924,1.81287,7.47443,8.38633,5.88569,1.81287,8.36805,7.33572,0.113644,0.113644,1.81287,1.20968,0.113644,0.113644,1.81287,1.20968,0.113644,0.113644,1.20968,1.20968,1.20968,0.113644,1.20968,1.20968,1.20968,1.20968,4.77752,2.2912,2.77595,0.113644,5.31558,1.81287,1.20968,1.20968,1.20968
HSD17B14,7.06926,1.20968,4.00388,2.92457,3.70719,3.76961,6.07935,6.89949,5.85462,4.47438,5.81111,3.42671,4.3519,3.64478,5.67402,4.84279,4.00388,1.81287,3.83218,4.26947,6.23113,4.72917,5.11807,4.51527,7.89585,5.84343,2.41968,4.77799,7.97639,5.48396,1.81287,5.72615,4.47319,2.61696,6.44391,2.77595,4.11061,4.71212,4.05534,6.66685,5.81111,6.07935,7.50914,5.51459,5.40837,2.16272,0.113644,5.04875,7.36331,5.81111,1.20968,0.113644,2.41968,4.57973,0.113644,2.41968,3.89584,5.57065,7.7649,1.81287,2.92457,0.113644,1.20968,5.23546,4.82627,1.81287,5.10633,3.86401,4.67269,5.02256,6.62962,4.26947
IGF1,5.13166,4.72917,8.07307,3.48123,8.67357,4.11061,5.40837,7.63309,7.77188,3.39116,9.30467,0.963256,2.77595,3.83218,5.40837,3.70787,4.43111,7.52411,11.4387,8.91296,9.01129,6.73628,5.28658,2.77595,4.16691,6.53429,3.39116,4.33251,4.16691,3.60651,8.2346,4.00388,4.32065,3.48123,2.77595,5.23546,2.92457,7.9722,5.61397,8.30332,5.67964,3.48123,3.22943,3.28517,4.72917,4.31312,5.51459,4.43111,7.5928,6.09783,6.2249,4.87131,3.89584,5.93591,10.5875,3.80089,3.76961,4.26947,5.12981,4.31312,4.93037,5.51459,4.51527,4.21911,5.67006,4.05534,4.87314,5.15699,4.00388,3.70787,4.36936,3.1737
IGF2,8.19528,0.113644,10.4349,6.75783,9.6381,7.61504,7.10033,11.0337,9.33442,5.93591,12.0834,3.5905,4.43111,5.93591,9.97571,5.8662,5.99799,8.4344,10.908,10.2287,10.3458,9.90846,4.96226,4.31312,10.296,4.21911,3.56825,7.10509,10.296,11.6853,11.1864,5.31558,3.61154,4.21911,6.68966,9.23137,4.38682,8.63133,6.42264,11.9508,9.88535,10.5148,2.16272,7.58823,7.93659,2.61696,0.113644,5.51459,5.65482,6.74061,7.44713,1.20968,1.20968,1.20968,0.113644,2.16272,0.113644,1.81287,2.41968,1.20968,7.20421,1.20968,2.92457,6.67736,6.91742,13.1081,4.89983,8.80332,5.31558,3.76961,10.8213,3.9543
IGSF3,10.0555,8.51724,8.62495,7.88005,7.53202,7.8274,7.50607,8.62905,6.00247,9.25769,5.07842,8.55441,11.0317,10.2739,4.99416,8.88023,8.66342,7.45283,3.89584,7.38198,9.05332,7.91819,9.33032,9.85085,8.11086,8.84482,10.354,8.78685,8.57799,6.46263,5.98306,9.09834,11.797,9.65802,9.85859,8.70389,10.7028,3.9543,8.85952,3.05618,7.60357,3.76961,11.3087,4.9151,5.18213,4.11061,0.113644,8.21748,6.34193,0.113644,0.113644,1.81287,2.41968,4.84145,0.113644,2.16272,5.47412,6.05008,4.96278,2.41968,9.19016,1.20968,2.99037,4.05534,7.72529,4.84279,5.47412,3.48123,10.3098,10.4343,7.71551,9.527
IL6,1.20968,0.113644,3.9543,0.113644,3.56825,0.113644,1.20968,1.20968,5.6234,4.51527,1.20968,3.77366,3.1737,3.05618,8.55124,0.113644,1.20968,0.113644,2.16272,5.23546,5.99052,1.81287,2.69645,9.91484,1.20968,1.20968,1.20968,1.20968,1.20968,0.113644,1.20968,1.81287,0.113644,2.16272,1.20968,4.47438,0.113644,6.70196,3.05618,6.62962,3.80089,7.47443,3.92507,7.77393,6.8949,1.20968,0.113644,4.11061,0.113644,0.113644,0.113644,0.113644,2.61696,0.113644,0.113644,2.41968,0.113644,5.91845,5.45333,1.20968,0.113644,0.113644,0.113644,5.66442,1.6862,1.81287,0.113644,6.8949,0.113644,0.113644,1.20968,0.113644
ILRUN,10.6647,10.346,11.3124,10.1068,11.0131,10.1344,10.6198,11.3292,11.3049,10.2791,10.9651,10.7547,11.1786,10.624,10.3698,10.2307,10.3423,10.0468,10.0817,9.99244,10.4801,10.3022,10.3169,10.3212,9.72339,10.4478,10.6052,10.3702,9.5765,10.2577,11.9785,9.69056,9.08088,10.4544,9.57301,10.1399,10.1375,10.5729,10.5095,10.6791,9.96159,10.6394,10.8999,10.2812,10.2985,10.3905,8.92642,10.1171,9.42566,8.8243,8.77715,9.90781,10.5967,10.4276,9.07601,9.51878,10.7519,10.5612,10.8433,9.80965,9.50579,9.00084,9.77975,10.2509,9.83762,9.66727,10.732,10.0333,9.34648,9.27156,9.91975,9.15885
MTHFR,10.5645,9.63025,9.75875,8.42438,10.8973,8.93123,9.22507,8.84482,8.88485,8.48608,8.6904,8.50324,8.12929,8.307,8.40872,8.55271,8.85952,8.47608,9.2281,8.66986,9.05213,8.97847,9.03328,7.62734,8.37948,8.75978,8.13855,8.84729,8.56752,8.65503,9.34152,8.38486,8.62942,7.98143,7.3144,8.09873,9.83619,8.52925,8.8032,9.70517,8.54521,8.49652,9.33238,8.72118,8.10836,9.15057,9.1086,8.45606,8.87813,8.75087,8.69555,8.93634,9.44814,9.28219,9.04138,9.14309,9.0884,9.65317,9.53006,8.88232,8.65847,8.89501,9.06829,8.29646,8.48665,8.43178,8.9635,7.91821,8.94647,8.57341,9.00409,9.03975
NRXN3A,4.88658,4.77752,4.56034,7.69953,6.51632,7.59973,7.46884,3.64478,5.8806,4.84279,3.56825,5.00219,3.76961,5.89404,6.58321,6.45202,4.38682,6.68966,5.83491,6.06605,6.68963,5.74938,6.04045,6.67736,8.54663,8.8334,3.39116,5.81111,8.54663,6.64699,3.64478,7.67462,8.86777,3.70787,5.10633,4.47438,9.05898,5.63312,4.31312,4.80976,3.39116,6.9462,3.86401,7.36733,6.61407,4.05534,4.96278,5.40837,7.17515,6.73209,6.36501,4.77752,3.70787,4.4306,5.28658,2.77595,3.39116,3.1737,3.56825,3.64478,9.09748,4.26947,3.89584,5.28658,6.5036,4.51527,13.3599,5.8662,8.50053,7.31657,10.6625,8.62227
NUP210,9.49498,5.49322,5.93591,8.65633,6.51261,8.84128,9.60441,8.80701,5.94028,4.43111,9.00801,7.37465,3.05618,6.82306,2.77595,9.98437,9.83619,8.83874,3.76961,5.12981,5.07842,9.61447,8.49391,10.3487,7.78955,8.48846,10.5067,9.12548,7.82916,9.41168,7.43403,8.34797,8.90111,9.73525,10.0778,9.51443,8.10586,3.05618,6.37631,2.61696,3.73874,2.61696,4.93037,2.85026,3.1737,9.59657,9.19687,9.31882,7.90252,8.78132,7.19727,8.47389,10.2509,12.385,9.83619,12.3633,12.1014,9.80126,8.55418,11.2838,8.29312,11.5476,11.6964,3.39116,4.31068,2.41968,8.83547,2.77595,8.60987,9.15057,8.58812,8.61401
PIEZO1,10.8788,7.73583,8.70737,8.75087,8.961,9.41392,10.2269,11.0609,11.6048,10.2128,9.88286,11.714,11.6239,10.5281,11.7585,10.3747,10.5886,7.9143,9.58379,8.81277,10.9689,9.73205,10.3053,11.2922,9.0288,7.93885,11.7363,9.4937,8.69555,4.89983,8.21284,10.6835,5.98435,11.2318,9.69166,10.3938,5.47412,11.3556,10.9402,11.397,11.4838,12.0204,11.401,11.5687,12.0763,10.6119,9.3095,10.6352,8.62112,3.48123,0.113644,9.08089,10.1245,10.7599,8.81003,10.1816,11.2984,10.9505,10.2624,10.3747,5.8662,9.11166,10.1959,11.0034,11.1104,10.4259,8.10195,10.936,6.03426,7.56734,10.4003,4.57973
PPARG,7.46627,10.2799,7.4407,7.06978,7.73911,8.6904,6.89949,7.37048,5.77008,6.9657,7.57981,7.04891,5.25971,6.52299,4.93037,7.36331,8.00587,6.4672,9.69695,7.08465,6.97311,6.81028,7.35435,6.20187,3.39116,4.00388,6.78683,7.24219,2.92457,3.39116,6.03426,4.38682,3.33816,6.93534,8.49852,7.4111,2.61696,10.0093,6.06605,7.51938,5.28658,6.9462,5.92703,6.57908,5.94379,4.11061,4.84279,7.80811,6.8453,3.56825,4.3519,4.29129,4.56034,3.64478,4.11061,2.77595,3.89584,7.63847,7.94538,4.51527,4.56034,5.8662,3.28517,6.56004,5.08928,5.10633,4.74622,5.6831,3.05618,2.41968,4.63537,2.61696
SLC39A8,7.78223,7.44998,5.83491,5.47412,9.05074,6.99259,6.16133,9.03811,8.36279,7.84657,9.03811,5.61271,7.64512,7.61479,8.68093,8.34797,8.72108,6.14657,6.59685,6.41035,6.54968,7.02032,7.5055,9.02043,5.82639,7.69006,8.98079,8.92076,5.57065,7.00978,5.10633,6.35023,4.80976,8.33012,8.28507,7.01742,4.96278,8.115,7.43403,7.85883,6.86702,6.80572,7.39703,7.99474,6.93745,7.89585,9.07164,8.43178,5.92718,6.45202,6.66685,6.71965,7.79648,9.25266,9.99411,7.80508,9.70764,9.5376,10.4813,9.04527,6.33362,8.39281,8.08174,6.61965,6.83451,6.41035,7.10033,6.86686,5.07842,4.84279,8.12214,6.46472
SOD2,14.3981,13.2577,13.383,10.4422,13.6515,10.9058,12.0799,13.4306,14.4505,12.2286,12.9937,10.4654,11.0762,11.6338,11.7478,12.2614,11.8192,12.8951,12.8755,11.9677,11.3765,12.2853,14.2107,12.6118,11.7585,12.0567,11.7359,12.3487,11.2598,12.7525,13.2506,11.4401,11.096,11.5933,11.2621,11.6921,11.5034,12.7997,12.1493,12.545,13.6821,11.8448,10.9623,12.2966,11.2793,12.1658,12.0648,12.2206,12.1902,13.8418,13.0553,15.2572,14.8264,11.3301,11.8941,10.5474,11.5551,12.9668,14.9256,11.934,11.8517,12.8134,12.5099,11.7567,12.8111,11.6802,14.2816,11.7857,11.7585,11.6947,13.6214,11.6319
TRHR,0.113644,0.113644,0.113644,0.113644,1.20968,0.113644,0.113644,0.113644,0.113644,0.113644,0.113644,0.113644,0.113644,0.113644,0.113644,0.113644,0.113644,0.113644,0.113644,0.113644,0.113644,0.113644,0.113644,0.113644,0.113644,0.113644,0.113644,0.113644,0.113644,0.113644,0.113644,0.113644,1.20968,0.113644,0.113644,0.113644,0.113644,0.113644,0.113644,0.113644,0.113644,0.113644,0.113644,0.113644,0.113644,0.113644,0.113644,0.113644,0.113644,0.113644,0.113644,0.113644,0.113644,0.113644,0.113644,0.113644,0.113644,0.113644,0.113644,0.113644,0.113644,0.113644,0.113644,0.113644,0.113644,0.113644,0.113644,0.113644,0.113644,1.20968,1.20968,0.113644
UBR5,11.598,10.6567,10.5745,10.5123,11.0589,10.0673,10.7634,10.4452,10.5783,10.8344,9.99084,10.2629,10.9318,11.3217,10.9189,10.9543,10.813,11.1714,10.8215,10.3064,10.5824,10.75,11.4394,10.7834,10.3565,11.3531,12.0282,11.4245,10.4272,10.8443,10.6652,11.2146,12.0323,11.2052,10.3178,10.6745,10.0629,11.2563,11.0002,10.9886,11.0652,10.9021,10.8168,10.3335,11.0519,10.8981,10.4554,10.7232,10.7803,9.58247,9.82698,10.7705,10.5486,11.5825,10.3142,10.5474,11.5566,10.6913,10.5364,10.7718,10.9106,11.9152,11.795,10.9708,11.3914,10.7148,12.0498,10.8708,11.2301,12.1889,11.6153,10.6378
ZNF568,7.05103,7.03639,6.53965,6.79623,6.79426,6.44391,6.53965,6.03426,6.63774,6.61965,5.95167,5.93491,6.31418,6.93041,6.85317,6.81484,5.38652,7.58896,7.0808,7.69953,7.31657,7.15063,8.08164,5.28658,6.3224,7.72768,6.35762,7.49691,6.17424,7.98583,7.57981,7.00978,8.21685,6.51705,5.15699,5.63312,7.10033,7.38198,6.88087,6.90917,7.28786,6.60849,6.59003,6.51095,6.64224,6.88087,8.19977,6.71195,7.96808,8.85446,8.96603,7.27051,6.51705,6.40441,8.18352,6.50485,7.13892,6.52893,6.30103,7.45868,7.71533,7.85429,7.71221,7.10985,7.12435,8.01158,9.08539,7.24697,7.57981,7.9143,7.66054,7.46426
ABHD17C,6.0727,9.04913,5.66442,5.51459,4.65561,5.20789,7.84148,6.51705,6.46472,8.66757,5.90239,8.90916,8.46608,8.62973,7.04658,7.07696,8.53362,4.36936,4.11061,5.90239,4.97847,5.84343,7.38583,6.9828,7.02366,6.91696,8.25033,7.60666,7.18296,6.26032,3.70787,7.57981,7.39703,7.75933,6.97352,8.00002,8.00587,5.93591,7.67462,8.43178,6.45251,7.51341,7.33108,7.81471,6.93584,5.99799,2.16272,7.60281,4.11061,4.11061,0.113644,5.02145,5.20789,6.20796,0.113644,6.36501,5.81111,5.3649,6.07935,5.15699,7.82916,2.16272,3.05618,7.50607,6.02565,5.81111,5.69219,7.24729,7.4111,7.63309,6.26032,8.06731
ACTG1,14.2368,14.7959,12.4391,14.3981,12.7952,15.5435,14.736,14.5054,14.1447,14.7082,13.5422,16.5019,15.2572,14.7959,15.2096,14.8916,15.0373,13.8067,13.5976,13.5422,14.2816,14.8916,14.2816,15.7616,14.6025,14.6805,15.0373,15.3892,14.736,15.0775,12.0091,15.8438,16.4391,14.9608,15.5435,14.8916,15.611,14.1442,14.8916,14.8264,14.7082,15.611,15.7616,15.7616,15.4785,14.5054,13.8418,15.1641,14.781,13.2234,13.9811,13.8596,14.5779,14.3384,13.0438,14.6277,14.4832,14.4399,14.4612,14.1126,15.7616,14.8584,14.6277,15.4168,14.5902,15.308,11.8024,15.1641,15.8438,15.8438,14.1126,15.6852
ADCY3,7.12986,5.51349,8.31686,8.63669,8.29279,8.42655,8.42438,5.15699,8.73173,8.20466,6.66685,7.45599,9.28129,9.15057,9.05898,8.62634,8.72465,7.38871,8.13855,7.47443,9.20867,8.92666,7.34066,8.7545,9.16516,6.56568,9.05737,8.21708,8.33012,4.51527,7.75317,8.34337,8.79048,8.69932,8.02389,9.18212,9.84186,8.93702,9.26547,9.99958,9.33394,9.67169,9.73525,9.68367,9.05213,8.20466,7.28076,9.04961,6.50485,2.41968,0.113644,5.48396,7.82916,10.0531,3.64478,9.47998,8.81617,9.48508,9.50579,8.29015,7.53071,7.80204,7.98364,9.01947,8.75889,7.44713,8.59416,8.83548,8.13855,8.34337,9.34287,7.92973
ADPGK,8.80543,8.74043,8.19977,10.0272,8.36115,9.39153,8.92875,9.12937,9.11093,9.10686,9.11166,9.36757,9.0923,9.2414,9.90296,9.4584,9.36558,9.17908,9.52771,8.49652,8.75147,9.07842,9.33328,9.4005,8.21748,8.81763,9.22288,9.63687,8.21284,8.42438,7.62734,8.956,8.28677,9.29042,10.3978,9.50579,8.87813,9.67781,9.4005,9.47486,9.58344,9.72488,9.55219,9.64148,9.61451,10.0991,9.87999,9.66947,9.92253,8.37948,8.30332,10.6567,10.7834,10.0301,9.50903,11.3286,10.3734,11.1952,11.0493,10.2262,8.31686,9.75152,10.2486,9.50372,9.05074,9.15573,7.84148,9.35878,8.32484,8.15151,8.71667,7.97696
ALDH2,11.309,11.1376,11.9915,7.60281,11.9351,8.5931,11.1714,11.9763,11.5695,10.4289,12.956,9.91146,8.82175,10.3771,10.1422,9.78515,10.7434,9.40371,13.8779,10.4681,11.1758,9.4576,10.2159,8.05706,11.1349,10.0787,7.94115,10.3638,11.254,9.44143,11.3729,9.66533,9.62956,8.71903,10.3892,9.7965,10.4175,10.5678,9.65078,11.0834,9.85354,9.85085,7.51341,9.58227,9.04138,9.99411,9.72661,10.0834,10.2549,9.79244,9.7475,9.68676,9.89648,8.6574,9.38365,11.0387,7.02366,10.3718,10.7734,8.11086,9.83286,9.28129,9.45919,9.1636,9.55125,8.13855,10.7948,8.96476,9.87214,9.86537,12.1305,9.88508
ANGPT2,6.04217,6.80097,6.16133,5.28658,7.43196,5.10411,6.07935,4.26947,4.30784,3.9543,5.15699,3.33816,3.39116,4.43111,5.3649,4.56034,4.67269,5.35386,7.95029,6.36501,6.81895,6.01703,7.88701,3.05618,4.96278,4.43111,4.16691,4.43111,5.02256,7.53377,6.60849,4.87314,4.36363,4.11061,4.26947,4.43111,5.04875,4.67269,5.74381,2.77595,6.15395,3.39116,5.2338,4.08298,4.31312,4.93037,6.93534,4.99416,5.51459,7.69953,7.78223,5.69219,4.11061,5.20789,7.10033,4.36936,4.77752,4.77752,4.21911,5.51459,6.26032,7.80204,6.99516,4.16691,5.24886,4.87314,7.00978,5.20789,4.71212,4.84279,6.18762,4.6924
AR,8.1895,3.43619,9.39711,5.02256,8.84265,8.07872,4.16691,9.68221,8.93605,5.31558,10.3594,5.91562,4.26947,6.6835,7.19727,5.49388,3.28517,7.27746,10.7543,7.13892,8.73232,7.83709,6.38541,2.92457,6.77744,4.05534,8.71775,6.78225,6.83068,4.94657,9.9586,8.18352,4.94657,8.34797,7.68877,6.16133,5.84343,8.64827,7.4111,9.34377,7.53935,7.28076,4.3915,7.55317,6.60825,4.21911,3.39116,6.13094,6.24863,6.72289,5.02256,4.21911,3.1737,3.05618,1.81287,7.47338,2.77595,3.56825,3.76961,3.48123,7.12679,6.42264,5.3147,7.43403,7.4427,9.27441,4.93037,7.10983,6.56004,8.39281,8.03411,4.31312
ARPP21,2.41968,0.113644,0.113644,3.56825,1.81287,3.1737,0.113644,2.92457,3.94948,0.113644,2.61696,0.113644,0.113644,0.113644,2.61696,0.113644,0.113644,0.113644,1.81287,2.41968,1.20968,0.113644,1.81287,2.41968,6.74061,3.83218,0.113644,0.113644,6.09783,0.113644,9.8996,4.51527,9.70588,0.113644,1.20968,0.113644,5.67402,0.113644,0.113644,0.113644,0.113644,0.113644,0.661663,0.113644,1.20968,0.113644,0.113644,0.113644,2.16272,0.113644,0.113644,2.16272,1.20968,0.113644,0.113644,6.28725,0.113644,0.113644,0.113644,0.113644,2.92457,11.2038,9.64481,0.113644,0.113644,8.01669,11.7913,0.113644,4.99416,4.11061,6.11658,5.61271
BCDIN3D,4.99416,6.27387,6.01703,7.34635,6.00751,7.69964,6.35023,6.59685,6.45202,6.74966,6.52893,6.75224,6.47324,6.82306,6.36501,6.67736,6.2249,6.95027,6.80572,6.86236,6.06471,6.44391,7.47164,5.76006,5.98306,6.23741,6.95675,6.33959,5.61397,7.27051,6.50485,6.4358,6.09783,6.77744,7.1528,6.79623,6.72289,6.64674,6.42264,6.47324,6.34193,6.21406,6.24863,6.41713,6.2249,6.95675,8.02584,6.57131,6.79623,8.29015,8.79963,6.80572,7.03085,7.24286,8.30694,5.89404,6.92548,6.66685,6.81484,7.10033,7.34635,7.81395,7.18664,6.48238,6.31418,6.9657,6.31418,6.66685,6.83834,6.56004,5.40837,7.00873
DHODH,6.91742,7.26455,7.10985,7.33897,9.44492,7.47753,6.37631,7.69006,7.18051,6.38743,8.84983,7.06143,6.59685,6.58321,6.20187,7.27416,7.23213,7.3696,7.81103,7.37048,6.87137,7.72192,7.59589,6.41035,6.30103,6.63774,7.18273,6.97055,6.17424,6.87161,7.67462,6.78736,7.20079,7.37048,7.75625,7.32318,6.4358,6.91696,6.90917,5.59303,6.56004,6.23741,6.96122,6.50485,6.47324,7.19727,8.35798,7.40438,7.26034,8.08888,8.29312,7.3669,7.10985,8.12035,8.46608,7.45868,7.63309,6.77744,6.57131,7.53071,7.32318,7.74633,7.62407,6.63774,6.72989,7.19032,7.56734,6.61965,6.83068,6.91696,7.08465,7.21464
GBE1,9.17688,8.50407,10.8467,7.92253,9.4927,8.75117,7.93315,10.3513,11.3206,9.22023,9.82853,9.31644,8.95108,9.32852,11.1376,8.50053,8.03109,7.44713,10.3489,10.5565,9.56825,7.99073,7.89087,10.4202,7.23213,8.85351,8.6583,7.68686,7.26034,8.17413,10.9505,8.34337,7.0233,8.56328,9.65317,8.35972,7.87338,11.899,9.28308,11.0493,10.8684,10.5272,8.78132,10.7793,10.676,7.99474,8.40585,8.94859,8.5809,8.46608,7.73525,9.11265,8.22586,8.74738,6.90917,8.1174,7.93693,8.75087,9.20749,7.92253,7.42671,7.34635,7.59973,10.464,8.46029,10.9505,6.52893,10.7268,7.13293,7.41835,7.33897,7.07722
GBF1,11.0529,10.3101,10.2729,10.4075,10.3579,10.3849,10.5773,10.5354,10.5426,10.2698,9.9586,10.0696,10.4592,10.2185,11.1312,10.393,10.3131,9.92881,9.1361,9.90455,10.3702,10.1712,10.3452,10.8185,10.2463,10.7701,10.5459,9.86343,10.5612,10.2969,10.6745,10.6322,10.423,10.3669,10.1691,10.034,10.7948,10.4095,10.2872,10.4757,10.5831,11.0382,10.6557,11.2032,10.9421,10.1815,8.56328,10.1908,9.82351,9.89148,8.55418,9.63515,10.0585,10.1837,9.20348,10.2714,10.2047,10.1352,9.87578,10.1517,9.46706,9.9708,10.0879,10.5148,10.5645,10.451,10.0735,10.2791,10.3423,10.4858,10.2564,10.2317
GLIS3,10.0928,6.35617,5.40837,7.03818,4.99416,6.71268,7.62734,8.07033,7.70043,7.15725,6.93534,7.78664,4.05534,5.57065,8.85952,6.2249,5.31558,5.7177,5.15699,7.21826,8.21516,6.97799,9.44083,9.69056,8.0758,6.20187,4.05534,6.56004,8.87813,9.57687,5.07842,9.69301,6.3008,4.21911,8.35972,4.21911,2.77595,7.89585,5.76006,8.53362,9.47618,8.57341,4.26947,8.7509,8.43746,3.76961,0.113644,7.4407,6.19474,8.0758,8.88232,3.48123,3.39116,3.43619,0.113644,0.113644,3.28517,3.1737,6.27464,1.81287,4.99416,0.113644,0.113644,8.30513,6.97416,6.8453,5.91845,8.51491,6.72289,10.077,10.2292,6.49362
ITPR1,11.2772,6.76763,9.1871,9.83004,9.37375,9.19682,8.92875,6.79623,8.46409,7.02366,7.68261,6.5324,6.01703,7.85883,9.19016,8.47702,7.35149,7.2148,8.38486,9.33137,9.42402,9.02221,8.88641,6.47324,7.45283,6.89949,8.34822,7.42926,7.18296,7.49025,7.31657,6.86236,8.01155,7.75933,6.67824,8.77715,5.90239,8.87207,7.16833,9.64741,8.87239,8.02123,7.90271,8.19526,7.81499,8.92875,8.9972,7.60901,7.18273,9.53567,7.28786,8.80315,9.27797,9.33186,6.14657,10.8629,9.75599,9.60558,9.79044,9.67538,4.63537,9.78113,10.287,6.49365,7.18073,7.59665,13.6263,7.44713,5.63312,5.25971,9.32802,4.93037
KIF1B,11.7437,10.3407,11.3658,10.0171,11.5022,10.2084,10.4259,10.6583,10.3826,10.186,10.1097,10.4442,10.2226,10.3815,10.4272,10.716,10.2307,10.8321,9.94826,10.3148,10.1358,10.3177,10.9024,10.2912,12.2314,11.5918,10.2569,10.8616,12.4622,11.0014,13.0268,12.0158,13.6317,9.79044,9.48776,10.4364,13.0903,10.4306,10.4452,10.0123,10.0661,10.2912,10.1118,10.3098,10.5131,9.57864,9.24262,9.99244,10.2195,9.70764,9.77414,10.1022,9.68003,8.88232,9.15057,9.16523,8.9972,10.3565,10.5468,8.71416,12.4199,9.06946,8.75714,10.3836,10.8162,11.0036,14.6805,10.0663,12.72,14.1764,13.4987,12.7883
LRPPRC,11.6619,10.3245,11.5747,9.20749,10.6058,9.39494,10.7422,10.9533,10.9404,10.5247,10.9157,11.2378,11.2934,11.128,10.6835,11.31,11.5202,10.7521,10.2599,10.6198,10.2644,10.1284,11.206,11.193,10.3227,11.1881,11.8473,11.3242,10.2463,10.8442,11.8267,10.845,10.7024,11.4306,11.6423,11.584,11.0762,11.0012,10.745,10.3747,10.3667,10.7634,11.2919,10.4063,10.7232,10.4893,10.6231,10.9886,10.5864,10.2011,10.0919,7.94307,9.40484,11.9997,10.2165,10.5747,11.1264,10.362,10.2047,10.3938,11.1681,10.8704,10.5743,10.7008,10.2119,10.761,11.395,10.5459,11.1041,11.2922,10.6886,10.8239
MLN,0.113644,0.113644,0.113644,0.113644,0.113644,0.113644,0.113644,0.113644,0.113644,0.113644,0.113644,0.113644,0.113644,0.113644,0.113644,0.113644,0.113644,0.113644,0.113644,0.113644,0.113644,0.113644,0.113644,0.113644,0.113644,0.113644,0.113644,0.113644,0.113644,0.113644,0.113644,0.113644,1.20968,0.113644,0.113644,0.113644,2.16272,0.113644,0.113644,0.113644,0.113644,0.113644,0.113644,0.113644,0.113644,0.113644,0.113644,0.113644,0.113644,0.113644,0.113644,0.113644,0.113644,0.113644,0.113644,0.113644,0.113644,0.113644,0.113644,0.113644,0.113644,0.113644,0.113644,0.113644,0.113644,0.113644,0.113644,0.113644,0.113644,1.20968,0.113644,0.113644
MMS22L,8.02584,7.90962,5.81111,8.56328,7.46965,7.66355,7.46884,6.42264,6.14218,7.86771,6.51705,7.29936,7.95029,8.41038,7.39734,9.18514,8.35624,9.78015,8.37004,8.06575,6.8903,8.42808,9.39654,9.05898,7.16833,8.22586,8.72423,8.24618,6.14657,8.72331,6.33362,8.4817,8.40499,8.46109,8.68912,8.88637,5.61397,7.43403,8.27173,6.90917,7.4337,6.9657,7.19032,7.95044,7.77871,8.29312,9.59322,8.50395,8.60355,9.10164,9.15338,8.53577,7.12679,9.03711,9.71032,7.81103,8.57799,7.54934,7.00978,8.63303,8.77715,10.35,9.24546,8.27173,8.92419,8.26793,9.75152,7.90271,8.22586,9.27797,8.78855,8.34151
NPIPB6,3.05618,3.67632,2.77595,1.20968,2.92457,2.69645,3.56825,2.92457,4.13723,3.56825,2.16272,4.11188,3.05618,3.56825,3.1737,3.28517,3.28517,4.72917,2.77595,3.1737,1.51127,2.69645,3.56825,2.61696,3.1737,3.48123,4.16691,3.28517,3.56825,1.9878,3.05618,3.64478,3.64478,3.64478,5.07842,2.61696,2.77595,2.92457,2.92457,3.48123,3.22943,3.1737,3.1737,4.49483,2.92457,3.56825,0.113644,3.1737,3.05618,0.113644,0.113644,3.1737,4.47438,4.43111,0.113644,4.31312,4.51527,3.64478,3.1737,4.38682,3.48123,2.41968,3.92507,2.92457,1.81287,2.16272,3.39116,2.41968,3.70787,3.70787,2.92457,3.11494
PHACTR1,7.65398,6.21948,9.98229,8.2346,8.8874,7.92984,7.28786,4.56034,5.19501,5.20789,5.34282,4.05725,4.56034,5.484,4.74622,6.78736,5.76006,8.46413,7.00978,8.89501,7.79214,7.94307,8.99253,5.23546,8.05706,8.57705,5.12981,5.60189,8.33964,7.30253,5.76006,6.83068,9.7995,4.99416,4.80976,4.67269,10.3359,4.89983,6.93534,5.69219,6.49047,5.45333,10.2863,5.04875,4.96278,7.21826,9.76853,6.30103,8.98602,7.53683,8.12035,9.86944,8.97048,10.4861,9.47119,10.558,5.76006,9.5203,8.4413,8.23044,9.33518,6.67736,7.84148,6.49365,8.65529,7.23871,9.02325,4.51527,8.9198,8.04272,8.84618,9.23488
PLEKHB1,5.27315,4.02961,6.97055,7.9722,6.24009,5.89404,7.65906,3.83218,2.16272,3.39116,3.9543,5.82958,1.81287,2.92457,3.9543,5.99799,6.64674,5.3292,2.41968,4.00388,7.53377,6.56568,4.6359,4.51527,11.6303,10.9463,5.74381,6.88084,12.4925,7.4529,5.7726,6.77744,7.12376,5.28658,4.24429,2.92457,5.8662,2.92457,3.1737,4.05534,4.99267,3.76961,6.42264,3.22943,3.05618,5.76006,0.113644,4.56034,5.41928,6.37631,0.113644,3.70787,6.45202,5.22167,0.113644,3.33816,7.16833,2.77595,4.16691,6.03426,4.11061,5.63312,5.07842,3.05618,2.41968,2.41968,10.8306,2.41968,5.5514,7.51341,14.3189,7.29676
R3HDM1,8.12365,8.13392,7.82186,8.91634,8.47891,8.50863,8.75978,8.3629,8.49046,8.69932,8.27953,8.27229,9.22919,8.98294,8.98773,9.01157,8.84201,9.59394,8.40357,9.00084,7.74729,8.69744,9.20453,8.68093,9.41463,9.17341,9.12689,8.54244,9.37661,9.73322,9.33384,9.46706,9.5932,9.05621,9.17667,9.15057,9.48508,8.15592,8.55124,8.36605,8.68388,8.90075,8.51608,8.93702,8.95108,8.6904,9.41463,9.06558,9.00523,9.27797,8.91634,8.07307,8.28634,10.1074,9.63172,10.1431,9.37935,8.8243,8.46608,9.35745,9.7182,10.7478,9.979,8.97048,9.03868,8.78698,10.0805,8.99596,9.65802,9.714,8.85952,9.79244
RASGRF1,3.97909,2.91606,1.81287,7.41835,1.81287,5.16885,2.61696,2.16272,2.83657,3.48123,2.16272,4.21819,3.48123,3.28517,2.16272,3.05618,3.39116,2.92457,2.16272,1.81287,2.41968,3.48123,3.48123,3.9543,7.38969,5.51459,3.1737,2.41968,6.57131,7.06926,1.81287,3.1737,2.41968,4.56034,3.28517,4.16691,4.77752,1.81287,2.41968,2.16272,1.81287,3.05618,4.88649,3.48123,2.77595,2.61696,1.81287,3.64478,4.77752,8.18352,7.88609,2.41968,2.92457,5.81952,3.28517,4.16691,2.77595,4.93037,5.12981,3.1737,5.25971,2.41968,3.1737,2.61696,3.05618,4.77752,11.5092,2.16272,4.77752,2.61696,10.5481,4.94657
RMC1,8.17964,8.70832,7.557,9.90193,7.21826,8.94821,7.33029,8.52491,8.48273,8.01669,8.2838,8.91129,8.05298,8.18742,7.95551,8.10391,8.13314,7.97682,7.38969,7.64512,7.51341,7.77228,7.73084,8.18352,7.11933,8.06804,7.88609,7.98141,7.28076,7.96386,7.22538,7.51938,7.63847,8.01158,8.45365,7.43403,8.64543,8.0758,7.76936,7.93315,7.45576,7.89087,8.31217,8.30694,7.95783,8.3629,8.02584,7.89087,8.15151,8.45124,6.35023,9.33204,9.1244,8.73588,8.01158,10.5148,9.11669,9.05621,8.98432,8.96857,7.45868,8.4413,8.57047,7.91821,7.91842,7.86771,7.02366,7.6925,7.57242,7.16288,7.33029,7.6178
TFAP2D,0.113644,0.113644,0.113644,0.113644,0.113644,0.113644,0.113644,0.113644,0.113644,0.113644,0.113644,0.113644,0.113644,0.113644,0.113644,0.113644,0.113644,0.113644,0.113644,0.113644,0.113644,0.113644,0.113644,0.113644,0.113644,0.113644,0.113644,0.113644,0.113644,0.113644,0.113644,0.113644,2.2912,0.113644,0.113644,0.113644,4.51527,0.113644,0.113644,0.113644,0.113644,0.113644,0.113644,0.113644,0.113644,0.113644,0.113644,0.113644,0.113644,0.113644,0.113644,0.113644,0.113644,0.113644,0.113644,0.113644,0.113644,0.113644,0.113644,0.113644,0.113644,0.113644,0.113644,0.113644,0.113644,0.113644,0.113644,0.113644,0.113644,0.113644,0.113644,0.113644
ZKSCAN5,7.84403,7.98583,7.38198,8.35306,7.68234,8.0692,7.31657,7.73975,7.74375,7.66284,7.4111,7.88335,7.88609,7.808,8.17773,8.08715,7.80204,8.41258,7.95029,7.71533,7.32318,7.75933,8.1885,8.06575,8.03109,8.30332,8.24738,8.93289,7.88005,7.99022,8.0758,8.4817,8.24688,7.85429,8.29854,7.85098,8.24738,8.11086,7.78955,7.92253,7.84623,8.14304,8.16103,8.21297,8.05706,7.70909,8.10586,7.98584,8.19977,8.08164,7.73975,8.55848,7.74633,8.38217,8.3814,8.37476,8.16377,8.10586,8.0758,8.18352,8.4916,8.58717,8.12854,8.18352,7.84148,8.33012,8.46608,8.00002,8.65633,8.82175,7.7649,8.48728
ZNF608,9.35242,8.40289,7.14836,4.80976,9.63812,6.76229,8.4413,6.9462,6.21251,7.36331,6.13094,7.35435,5.88569,7.56194,7.37048,8.10034,7.53071,8.26256,6.88558,6.8903,8.30882,7.72771,9.07489,9.68444,9.148,9.93271,6.66685,8.83481,9.60298,9.89801,7.45868,9.70888,10.7304,5.61397,5.66442,4.99416,8.26793,7.47443,6.24863,8.08888,8.00002,7.10033,8.7125,7.48612,6.97799,4.96278,1.81287,6.74061,7.98364,8.02123,7.06978,6.6523,5.23546,8.00803,0.113644,7.35178,2.16272,3.48123,1.20968,3.70787,9.50118,6.85317,7.25974,6.87137,9.39807,8.06575,9.78366,5.96743,10.3565,10.9886,9.99846,9.9715
